"DESCRIPTION","DURATION IN MS","NAME","PARENT SUITE","START TIME","STATUS","STOP TIME","SUB SUITE","SUITE","TEST CLASS","TEST METHOD"
"","32798","Verify user can login with valid credentials","tests.test_cases.regular_farmer_test_cases","Wed May 06 19:04:32 IST 2026","passed","Wed May 06 19:05:04 IST 2026","TestLogin","test_login_pytest","",""
"
        Extended flow to test multiple activity entries:
        1. Click on farm card
        2. Navigate and return
        3. Enter first activity
        4. Add another activity
        5. Verify both entries
        ","12796","Crop health diary activity with multiple entries","tests.test_cases.regular_farmer_test_cases","Wed May 06 19:06:47 IST 2026","failed","Wed May 06 19:06:59 IST 2026","TestCropHealth","Crophealth","",""
"","93681","Complete Diary Activity Entry Flow","tests.test_cases.regular_farmer_test_cases","Wed May 06 19:05:09 IST 2026","passed","Wed May 06 19:06:42 IST 2026","TestCropHealth","Crophealth","",""
